{"cameraMode":{"drawMode":0,"name":"Shaded","section":"Shading Mode"},"sceneLighting":true,"audioPlay":false,"sceneViewState":{"m_AlwaysRefresh":false,"showFog":true,"showSkybox":true,"showFlares":true,"showImageEffects":true,"showParticleSystems":true,"showVisualEffectGraphs":true,"m_FxEnabled":true},"in2DMode":false,"pivot":{"x":13.221033096313477,"y":-2.6593072414398195,"z":-0.7593340277671814},"rotation":{"x":-0.30092719197273257,"y":-0.35599377751350405,"z":0.12225725501775742,"w":-0.8762398958206177},"size":25.693159103393556,"orthographic":false}